28.5562,0.0518954
32.0196,0.0941367
33.3213,1.42483
26.13,-0.165988
31.6188,-0.169029
32.6556,0.768963
30.6618,-0.191833
37.3232,5.32336
28.4073,0.0269154
45.3143,13.2669
31.6006,0.0759277
47.1094,15.0511
26.4763,0.0505017
27.2074,0.196523
32.477,0.541093
27.7586,0.0830883
25.3529,0.0758334
26.0667,-0.113725
40.0076,8.07323
31.9277,-0.0718508
28.0577,0.109196
34.5806,2.63842
35.9217,4.00074
22.4826,0.0155965
36.7254,4.84022
33.5548,1.61931
30.3075,0.0996087
41.8476,10.121
27.1534,0.103626
27.2806,-0.0127358
29.3938,-0.493175
30.7779,0.12155
31.7043,0.335024
29.4496,0.161597
42.7887,10.7694
37.913,6.17478
19.239,0.122995
27.0348,0.0160851
33.4161,1.63438
35.2663,3.24354
44.162,12.0864
29.3804,-0.252276
47.0825,14.9789
40.7258,8.51671
24.4267,-0.0131804
26.1852,-0.0331516
27.7916,0.0319987
50.2644,18.4158
32.5338,0.671172
42.9291,10.8726
31.105,-0.172938
28.1165,-0.0521759
22.1141,0.069158
36.3828,4.1163
19.5847,0.14771
26.1408,-0.134346
26.3524,0.0739822
32.5749,0.356503
28.7186,-0.0936404
33.2032,0.907444
43.4228,11.3111
42.7068,10.6357
24.2349,0.0544984
36.1227,4.07527
30.8568,0.1131
26.4385,-0.109679
36.6896,4.65977
35.423,3.46468
33.3565,1.19729
32.3845,0.874343
30.4174,-0.0521381
21.1839,-0.00909833
30.0384,0.246131
39.1176,7.39298
28.5795,-0.14973
27.1725,0.0611865
35.5372,3.42257
35.7637,4.03598
26.4301,-0.195347
36.2962,4.11309
36.7649,4.73812
31.761,-0.140213
36.7017,4.6444
33.8257,1.89247
52.2169,20.2252
31.3742,0.137767
28.6208,0.353678
32.5181,0.653683
19.4379,-0.0106829
30.2266,0.073054
28.461,-0.168201
24.8915,-0.217803
35.0702,3.17813
29.2528,0.00581389
35.9769,4.02987
25.3574,9.60821e-05
32.2699,0.422106
26.8276,0.0465634
24.5035,0.0563055
24.8536,-0.00307673
33.6313,1.64087
26.2917,0.0751839
23.5415,0.0855005
27.7078,-0.109014
28.6808,-0.148399
35.6644,3.90486
26.7395,0.180843
28.162,0.117339
30.8847,0.323763
25.5647,-0.274553
34.8762,3.28192
50.0062,18.1277
31.0014,0.285068
32.4107,0.207618
28.2751,-0.0722618
21.3405,0.161599
28.2147,-0.110713
25.4834,-0.0320945
39.5337,7.56422
29.62,0.134348
27.2531,0.16087
33.0009,1.31048
30.9658,0.21211
34.2069,2.49757
38.5028,6.49462
39.1732,7.24101
29.6273,0.0432282
33.9161,1.8931
24.1873,0.07913
28.9169,-0.0461351
26.416,0.121481
22.1427,0.0164102
34.4896,2.60919
22.5133,0.0209301
29.7184,0.135037
34.2793,2.34909
29.825,-0.0120829
22.0932,0.0887116
25.3219,0.0605152
46.3958,14.4391
25.1946,0.0349592
43.1806,11.2153
19.5272,-0.0198645
32.8436,0.603495
23.8406,0.00915479
34.6759,2.42629
27.3324,0.262443
30.7968,-0.0221316
26.0659,-0.0119173
46.4884,14.5058
31.9825,0.195305
37.273,5.39025
30.4249,0.208728
30.9052,-0.226903
43.46,11.2693
30.2179,-0.0447446
34.1547,2.06491
40.6125,8.76168
38.2304,6.33628
31.5017,0.121287
32.1503,0.413186
31.0027,-0.660207
28.1506,0.0433708
41.0486,9.21353
26.5252,-0.0641878
41.9717,9.77535
40.6914,8.79898
25.2318,-0.0249636
23.0823,0.0248329
27.0327,-0.0612639
33.6905,1.67946
35.4224,3.42587
31.5512,0.107657
25.3413,-0.0483425
36.3147,4.29205
30.3617,0.252635
44.8663,12.8055
31.824,0.0727739
31.5068,-0.139442
26.0662,-0.0525154
29.7649,0.0775999
22.5953,-0.0945964
23.5987,-0.109374
31.9276,0.319069
34.8207,2.60587
21.1133,0.070576
30.0958,0.440302
47.6458,15.5835
34.3774,2.26124
32.3417,0.679741
29.8263,-0.546825
42.8887,10.9874
26.844,-0.197137
43.0597,11.0675
34.8351,2.98708
39.0474,7.0825
28.9904,0.168496
30.0247,-0.133848
36.7044,4.92815
35.6196,3.71722
28.6202,0.049826
43.9515,11.5423
45.9741,13.8779
38.6604,6.69795
40.688,8.81399
21.3837,0.0109324
43.0283,11.1169
31.4937,0.123834
26.5961,-0.0458963
36.8436,4.8346
25.2817,-0.125655
23.6405,-0.0959598
26.1317,-0.128083
22.8955,-0.0718702
34.903,2.52386
26.8786,0.102221
25.0453,-0.0176881
21.4119,-0.0540054
23.2776,-0.199581
36.7629,4.70837
32.0727,-0.143361
31.9066,0.095872
24.3551,-0.00677661
33.7827,1.56522
25.8818,-0.102707
24.3735,-0.0860183
30.3997,0.161026
24.6136,-0.0201324
34.88,2.60571
40.6295,8.49039
32.9602,1.17016
27.8607,0.175048
31.2933,0.0105046
42.8859,11.0096
51.6293,19.3801
41.116,9.01738
34.2145,2.09096
30.5202,-0.327002
25.0645,0.027214
24.8528,0.0433735
30.235,0.0173513
25.2129,-0.0393893
22.3946,0.0457617
34.3206,2.32059
37.7076,5.42278
41.7243,9.90523
41.16,9.08178
29.3023,0.14761
33.4325,1.70753
40.5747,8.68368
50.9866,18.7543
28.5338,-0.183683
22.3968,0.0602397
26.5903,0.0362004
36.5587,4.44756
30.2051,0.236324
39.6405,7.72336
34.5056,2.43645
33.9484,1.56453
35.3987,3.42303
34.1954,2.18396
17.5999,0.0417233
30.3201,-0.069147
21.3317,0.0280751
34.3674,1.90663
37.977,5.921
28.9706,0.0420073
45.9834,13.9442
25.2808,0.0179815
28.7425,-0.0387155
40.791,8.85704
39.9734,8.08232
30.4022,0.0111886
26.7509,-0.129314
43.7809,11.7179
31.3506,0.188715
24.2963,0.0712103
27.0369,-0.106869
36.1314,3.86268
25.0861,0.00721107
31.4352,-0.468862
34.5431,2.66679
23.8236,0.0873958
30.8202,-0.237654
30.0723,-0.424498
26.9973,-0.0256299
27.6553,-0.0843714
35.5741,3.67263
27.9726,0.110337
32.638,0.501553
27.2422,-0.174489
21.2854,0.0692961
21.9751,0.00136374
33.6703,2.14268
27.2653,0.105063
21.0645,-0.0235289
35.8235,3.7251
27.3736,0.0124562
48.7166,16.7684
33.8821,2.03266
34.0426,1.73752
26.4213,-0.0510532
20.8586,-0.0375885
37.6845,5.69557
26.7536,0.0363062
36.3836,4.39922
24.884,0.0175117
39.9442,7.99359
41.5831,9.5541
25.0982,-0.0520043
32.5094,0.389102
28.5652,-0.137504
31.2628,-0.48687
34.3313,2.67971
24.2059,0.173243
37.1699,5.05669
25.1176,0.0477628
35.8886,3.67632
30.4851,0.474209
29.3732,0.0417085
18.483,0.0552446
30.1794,0.204162
23.9456,0.0565049
33.8913,2.09433
32.32,0.153419
27.9546,-0.359876
30.6868,-0.133982
39.6775,7.58259
30.7647,-0.0786591
24.6284,0.019992
27.0416,-0.0268475
27.0207,-0.135343
55.9457,23.9797
34.3582,2.5425
19.614,0.00741264
22.5133,-0.0766893
35.8028,3.67471
31.6597,-0.0339616
20.9594,-0.0243232
31.3723,-0.134381
28.806,0.128315
27.7919,0.0345335
32.5725,0.944678
53.9588,21.8993
33.3728,1.3815
31.8191,0.315354
27.9002,0.0686078
30.4526,0.23831
29.4886,0.0710418
27.4491,-0.0858399
40.0866,8.01498
29.272,-0.0879984
30.3663,-0.280811
23.4748,-0.0415052
25.0084,0.0416746
28.4386,0.00353538
24.377,-0.221703
25.7191,-0.0512165
21.0867,0.0206664
37.1338,5.24961
35.3166,3.3491
25.1385,-0.0984197
37.1766,5.30348
37.1075,5.11602
31.0759,-0.00880993
31.9004,-0.0818156
25.5916,0.0766808
32.067,0.289923
30.4821,-0.0514581
24.4848,0.254151
33.2854,1.84175
48.3042,16.3209
35.0697,3.34436
28.7598,-0.116803
42.12,9.833
31.1877,0.533612
25.3412,-0.101999
31.1176,0.0778925
33.7193,1.81931
28.021,0.0377032
32.0708,0.26712
25.7447,0.141733
21.2485,0.0358519
29.0175,-0.226883
30.4118,0.310489
29.6643,0.019752
31.2948,0.195925
25.9096,-0.126751
24.2368,0.0684825
37.7692,5.64305
38.3929,6.32398
42.8455,10.7444
22.7909,0.168875
36.0977,4.15226
21.066,0.0787518
29.1042,-0.0513644
31.9429,0.514252
28.7912,-0.0701621
31.0525,0.0385914
30.6547,-0.118876
25.9569,-0.0598473
41.4024,9.38636
37.5645,5.36711
39.7803,8.02105
27.4658,0.0795938
42.1341,9.94861
35.7387,3.34248
27.7157,-0.0991239
28.5159,0.150397
31.7666,0.448949
32.2296,0.874076
40.5613,8.30697
29.8424,-0.00129985
38.2438,6.00463
48.9014,16.8466
25.5397,-0.155834
36.0399,4.28605
28.5458,-0.123758
29.7874,0.229435
31.4535,0.294215
38.8462,6.92135
20.532,-0.0592922
36.4114,4.61734
28.4911,0.0815414
31.6153,0.337847
32.6632,0.283721
26.7247,0.0105356
45.6398,13.5152
25.8948,0.0692177
38.183,6.40729
29.6048,0.365098
20.3417,-0.0509498
36.6847,4.9634
22.8319,-0.142835
25.4501,0.127818
29.5559,-0.0956436
44.3207,12.2014
33.7225,1.98777
44.3238,12.1634
29.2841,-0.0198637
32.7857,0.680746
53.5226,21.507
30.9363,0.156069
26.0073,-0.276893
40.8977,8.94006
25.7493,-0.0374015
38.9901,6.73683
28.5776,-0.138317
32.1441,0.404549
31.4219,-0.336519
40.87,9.00299
25.2672,0.0310104
30.0975,0.0492974
29.1836,0.0661834
29.3631,-0.0880942
36.0896,4.08579
46.8559,14.7373
38.4045,6.3667
30.1653,-0.067473
34.9219,2.7096
19.8819,0.0359307
41.5392,9.39489
36.2801,4.22106
33.5774,1.64954
23.4242,-0.145718
24.263,0.0960982
32.32,0.100851
33.6189,1.74835
23.1773,0.140925
26.3259,-0.142428
34.9677,2.86481
35.576,3.3416
38.015,5.77342
41.5217,9.61891
23.7446,-0.0835085
34.554,2.57915
45.6318,13.8249
45.9917,13.9635
32.0947,0.160062
42.678,10.5448
41.9453,10.0889
39.539,7.4636
34.9254,3.00151
21.9079,0.103401
56.6609,24.5741
35.1561,3.14781
33.7118,1.71196
36.4426,4.46963
34.475,2.63501
34.2414,1.96467
29.4135,-0.231669
25.9138,0.11821
30.4478,-0.0262606
37.4776,5.3859
29.9573,-0.114913
19.341,0.0369695
29.1536,0.0887343
34.475,2.60095
25.2195,0.00671023
28.1649,0.0688886
38.436,6.43289
32.6981,0.579125
40.4914,8.49745
31.9345,0.258556
24.7217,0.0484034
24.4476,-0.217362
28.7028,-0.0104207
37.6447,5.82075
28.9149,-0.276473
42.9555,11.1499
27.9437,-0.0788902
50.6911,18.6782
29.0685,0.101175
36.7264,4.84596
35.1427,2.96462
27.2007,0.0712008
26.5495,-0.00828102
22.7977,0.0988184
28.8835,-0.0152976
26.1951,-0.026069
28.8363,0.0790742
23.811,-0.029572
39.8492,8.03113
45.4749,13.685
30.0243,0.0408447
30.9159,0.0621395
28.736,0.000762078
27.053,-0.150865
27.0862,-0.0435365
30.5398,0.0163762
30.2343,0.0721552
27.5814,-0.0387388
30.0266,-0.0745545
30.1091,0.230573
42.5293,10.481
28.6323,-0.056703
33.0463,1.19212
36.639,4.84312
47.5193,15.51
40.4999,8.54547
28.3244,0.0450777
35.0129,2.74371
30.3029,0.0495686
21.584,0.0892897
23.9081,-0.132867
25.6074,-0.0748132
31.2768,0.270292
26.5454,-0.175615
41.6506,9.74749
26.6086,0.0718515
25.8795,0.0260458
30.4689,-0.170026
28.8279,0.115406
22.7795,0.0148935
27.0516,0.0990307
34.5329,2.50531
29.5021,0.0136402
33.8063,1.3671
43.4469,11.1942
21.3727,0.000674497
46.5018,14.5773
25.1103,-0.100317
23.0913,-0.00685362
37.6522,5.58931
50.85,18.817
29.9624,-0.14076
30.2233,0.239742
27.0445,0.174936
39.8672,7.79844
18.8964,-0.0147407
33.5486,1.46418
27.5957,0.133136
43.9322,12.0128
19.912,0.0420307
30.8684,-0.221517
26.563,-0.0676307
20.2465,-0.130928
32.4124,0.390469
27.0862,0.126148
28.8021,0.052036
24.0079,-0.0767564
30.5503,-0.0202608
34.5604,2.3983
31.8597,0.166566
37.1678,5.07829
30.1317,-0.349361
33.407,1.74108
26.0278,0.193267
18.9907,-0.0500802
37.7161,5.87713
34.2912,1.92492
28.6473,0.147442
43.0459,11.0995
32.2248,0.269839
38.8104,6.7079
20.5908,0.0384933
29.7467,-0.46824
27.6299,0.0690204
42.5748,10.5886
39.0585,6.80678
31.2248,0.232121
28.1296,0.0836295
25.1782,0.106352
27.9312,-0.0755973
26.9496,-0.0442685
20.4214,0.026481
38.6961,6.68501
28.5432,0.0196882
27.3722,0.103265
38.3268,6.5535
28.2951,-0.0162682
50.6261,18.5823
36.4208,4.3645
34.1772,2.42125
31.4516,0.146711
25.875,-0.0945621
31.4095,-0.0884065
23.2537,-0.0862838
34.4323,2.38223
25.3879,-0.0384061
23.5821,-0.0233694
18.975,-0.0914166
33.9568,1.31592
26.6417,-0.193335
32.4883,0.171898
27.1552,-0.104061
36.9104,4.89663
20.8213,-0.00998854
21.2623,0.00259868
26.301,0.0793462
37.745,5.87308
33.2865,1.24169
30.4981,0.567377
51.0735,19.0593
31.4094,0.233086
39.9525,8.00882
28.9675,0.0654876
23.9699,-0.320016
35.8886,4.11567
33.5856,1.73221
23.1845,-0.026813
37.1474,4.95871
30.1044,0.315296
41.6243,9.67852
28.7442,0.256399
23.2487,-0.0234812
25.6259,-0.168276
24.9627,-0.163908
39.0104,7.03123
21.0797,-0.0730987
36.3449,4.15512
27.3468,0.0122224
41.3708,9.0734
33.4667,1.66728
33.7249,1.81159
27.8999,0.0834891
22.0904,0.0357788
44.8722,12.6501
31.6211,0.234494
24.0694,-0.0638248
27.9766,0.113708
30.0825,-0.0480166
42.8558,10.6508
38.3545,6.60888
22.9136,-0.124795
30.544,0.198704
28.3765,0.0240292
38.6849,6.53036
42.4899,10.4567
32.1078,0.297672
47.3131,15.349
43.0195,11.0758
33.237,1.00573
24.1285,0.0171478
40.043,8.09895
34.6939,2.5701
32.6164,0.737566
42.9069,10.6736
25.2155,-0.0493654
33.9321,1.89989
33.1298,1.16961
26.2064,0.00560665
19.9055,-0.050807
23.0863,-0.353588
31.1519,-0.400003
33.967,2.09837
21.513,0.0767988
31.8159,0.244035
20.1435,-0.00370613
31.5798,-0.217439
42.7319,10.611
33.6925,1.88474
37.3336,5.51741
26.5215,0.0306758
44.0166,12.0955
21.0272,-0.0654684
44.3234,12.0993
28.5818,0.103141
26.2573,-0.0125424
40.9741,8.86008
26.1702,-0.237435
54.6879,22.7499
32.8168,0.583188
22.1543,0.045839
38.3277,6.33416
37.3228,5.13116
31.3568,0.13509
25.5021,-0.00697763
35.2624,3.32695
43.6068,11.6517
38.4495,6.59476
35.7021,3.57406
36.4349,4.40759
33.7493,1.46757
17.5194,-0.0300631
27.4554,0.242698
28.8385,-0.0403082
25.0921,0.00180829
31.0404,0.0113039
36.9932,5.03848
21.5743,-0.124702
55.8413,23.6646
30.7296,0.0877767
36.1828,4.06902
22.9743,-0.0417949
38.9475,6.98177
27.331,-0.00740122
31.6356,0.279469
35.7746,3.80931
37.1084,5.23961
24.0203,-0.120799
21.4905,-0.0942784
35.4246,3.55602
30.3204,0.053631
35.6082,3.44087
24.362,0.0170393
27.7505,0.169708
44.1202,12.3178
38.7147,6.83833
26.019,-0.138567
32.6043,0.671797
33.9696,1.90174
28.613,0.10924
22.6964,0.114189
41.5683,9.48405
25.3186,0.00846781
36.7598,4.75724
22.8772,0.0602675
25.8775,-0.0193456
28.2682,0.00914733
33.7727,1.58398
33.1446,0.965127
28.4171,-0.0288577
31.5264,0.0425607
33.9116,1.83083
31.7518,0.0701107
29.1715,-0.0574801
29.8484,0.0660326
41.2658,9.21556
29.0863,-0.137936
50.1178,18.1501
29.1208,0.120609
31.9231,0.381424
30.2859,0.0827621
27.2556,-0.133655
23.882,-0.0777906
32.5192,0.0189786
26.0985,-0.240465
20.7569,0.00475422
23.7145,0.0321461
29.6166,-0.0795409
26.4612,-0.00930173
36.779,4.85445
31.1986,-0.0151611
26.7914,0.081891
34.9321,3.00058
21.7034,0.0339519
29.3359,0.316038
37.6447,5.57753
22.1718,-0.12133
33.2315,1.39951
29.4726,-0.0137042
43.3572,11.5423
25.9569,0.0765827
36.481,4.42612
28.652,-0.100889
36.1537,4.12581
42.322,10.1893
27.549,-0.0642805
33.8424,1.77999
34.6627,2.80508
26.1426,0.0979694
51.8103,19.8936
25.9484,-0.208335
26.362,-0.126034
31.2243,-0.04407
28.8258,0.12896
31.6656,0.073993
31.0485,0.0468303
34.0516,1.9891
37.5861,5.59674
28.9362,0.286416
45.322,13.2165
33.4556,1.65121
25.8128,-0.0526521
27.2261,0.0461067
28.0236,-0.0227799
27.1903,0.0560825
42.8137,10.8547
28.7344,0.0430852
29.0073,-0.000439902
38.8946,6.75584
26.0416,0.119276
22.646,-0.0215849
31.2691,-0.0176966
34.5607,2.43948
20.2226,-0.0608123
28.2796,0.188437
30.5568,0.0597911
25.9499,0.136539
27.4743,0.0383238
25.8811,-0.00860816
32.4244,0.436976
28.9689,-0.0508842
32.3785,0.568815
31.3057,0.135453
29.8957,-0.0135202
35.2103,3.3733
28.0755,-0.0449763
31.4228,-0.222218
38.4612,6.50243
48.6716,16.8341
29.8927,0.105441
32.5145,0.420093
29.5219,-0.4631
31.6874,0.089112
21.221,-0.033775
32.938,1.26022
38.25,6.30706
27.4193,0.136059
30.6433,0.0644025
25.2383,-0.0338621
26.6611,0.0768658
25.0881,-0.0393577
34.5222,2.56636
30.0485,-0.159013
37.3685,5.37852
17.9513,0.0859641
27.9733,0.101056
33.8067,2.03828
28.7763,-0.0154569
24.0837,0.138667
34.8165,2.56438
34.27,2.35026
34.2914,2.43253
29.7679,0.067461
22.4037,-0.000112743
27.288,-0.0675331
29.0464,0.169653
34.8089,2.61868
28.536,0.239253
17.1642,-0.0912038
25.8681,0.0143812
42.135,10.1414
28.1979,0.0211956
34.1158,2.46118
32.5568,0.303643
43.6284,11.5617
19.5739,-0.00221793
26.8773,0.0954714
42.1547,10.2095
46.2429,14.0881
23.8196,-0.00087772
31.9772,0.768614
30.3466,0.0299816
20.995,0.0637661
30.0348,0.0365277
30.9662,0.377017
38.4516,6.47398
27.8758,-0.162901
37.1634,5.23947
28.4721,0.0451655
44.0969,11.9174
38.0162,6.05745
21.9581,-0.0753781
25.016,0.00904862
30.4433,-0.0772193
26.219,0.0685277
35.191,3.07803
28.9597,-0.0449776
20.4938,0.0354268
38.7036,6.5552
28.0545,0.393915
38.8906,6.86299
39.1396,7.14182
24.7754,-0.10491
37.3325,5.20068
22.2591,-0.0553132
27.1422,-0.0767623
20.2827,0.0770523
40.3585,8.5304
37.1486,5.16842
31.9841,0.313756
44.756,12.8603
33.8513,1.87831
45.6814,13.5869
46.2767,14.1834
35.014,3.17428
27.7881,0.149144
43.956,11.9098
28.3043,0.1838
26.0506,0.0649439
34.3974,2.4903
37.9924,6.01501
31.9734,0.226477
29.9776,0.0205816
27.2188,0.101367
36.5881,4.57488
29.7251,-0.0101227
27.3701,-0.0372852
46.8717,14.9576
28.4454,-0.145618
25.3693,0.061342
29.9998,-0.0501712
27.6636,0.0992023
32.607,0.702724
31.8198,0.246929
31.0606,0.00495111
33.7245,1.95216
32.6555,0.541216
31.3301,-0.0788479
32.4254,0.427118
20.7028,-0.0586969
16.7047,0.0913614
29.0952,0.0230694
31.7274,0.147609
41.4798,9.56569
32.9885,0.883881
29.1936,0.260449
24.927,-0.0837504
31.0627,0.172357
35.3667,3.42434
34.6193,2.45432
33.6963,1.42675
32.3758,0.804553
33.0416,1.08098
29.8137,0.056785
27.537,0.0824186
32.8599,0.424968
32.6131,0.273176
28.7877,-0.456401
28.6021,-0.126896
38.1765,6.1113
39.03,7.01251
33.9349,1.64226
26.2533,0.0119902
29.0515,-0.182607
27.2441,0.0936357
34.3314,2.57084
21.9219,0.241248
42.04,10.0047
34.2423,2.20581
26.855,-0.0163218
27.5277,-0.0463501
34.6997,2.8829
24.7526,0.108043
27.8515,-0.11426
50.5829,18.5847
31.0936,-0.00865138
33.889,1.96904
28.3121,-0.345518
30.4683,-0.0122101
35.1047,2.88995
23.5758,-0.00891782
25.6163,0.155887
21.9667,0.128884
43.1106,11.0596
42.1622,10.255
41.0632,9.10183
38.8901,6.83422
27.2012,0.0350344
24.3477,0.0461284
29.4533,0.154758
49.8999,17.9263
21.9038,0.0404131
35.1396,3.12426
28.3354,-0.0995017
27.2306,0.0701523
28.413,-0.0402681
48.2936,16.3305
40.3129,8.31829
39.4854,7.61304
28.9698,-0.0959627
26.4543,-0.023569
28.3088,-0.11126
26.4664,-0.11061
49.3087,17.4127
35.3943,3.20365
24.867,-0.0643992
39.0352,6.93013
30.3616,0.0890209
20.1484,-0.100573
43.4696,11.3197
33.3277,1.4593
29.1753,0.0164259
29.3795,-0.396423
29.3571,-0.0616115
27.8358,-0.0682463
24.5501,0.0431047
36.9376,4.9711
32.5139,0.366725
26.5149,0.0401272
44.2735,12.1665
35.2385,3.42336
34.1349,2.19938
34.0732,2.13352
36.4034,4.59395
36.4557,4.44713
30.5071,-0.0282523
28.6979,-0.295884
53.281,21.0649
30.6243,0.0303725
29.3415,-0.268828
33.2562,1.18719
39.4357,7.36573
26.5201,-0.0302841
40.7431,8.62853
28.7671,0.0114195
32.7301,0.726032
30.6166,0.0272567
33.9608,2.07419
22.2123,0.0471823
41.8332,9.74145
26.3379,-0.0684484
32.2298,0.307135
39.0571,6.75951
22.7034,0.0278351
23.9326,0.0414215
18.7531,0.158196
21.2174,-0.00214277
31.6136,-0.232346
31.2677,0.0796523
27.1025,0.103971
39.9551,7.79979
23.9007,0.03014
28.8985,-0.156742
48.5987,16.4842
23.3154,-0.0190342
19.6667,0.13059
34.0094,1.82011
47.77,15.7938
19.7483,0.201917
39.4053,7.29185
24.8723,-0.351963
30.0729,0.138308
28.4957,0.205444
29.0227,0.0549623
25.2421,0.0645384
23.0255,-0.0274265
31.4371,0.357945
23.0646,0.0623515
42.8717,10.7441
23.8194,0.123356
43.0923,10.9158
36.8598,4.70924
30.8414,-0.0109375
25.7947,0.0486846
27.1223,0.131326
25.6206,0.00283366
36.1421,4.01777
27.6094,0.143294
43.4635,11.4626
37.3011,5.37712
36.3019,4.5496
20.5656,0.0442738
23.4292,-0.0235126
25.7869,0.207696
29.4895,-0.234422
27.4144,0.143392
27.2283,-0.0996747
33.2185,0.940033
29.1258,0.0582719
38.7422,6.66064
33.6257,1.42953
36.4031,4.36772
37.2191,5.22563
21.9338,-0.00959854
34.5574,2.71626
29.4042,-0.255791
27.2573,0.193619
24.391,0.0134339
23.9772,0.0418772
29.8914,-0.172307
26.7354,0.0760951
26.8647,-0.100974
34.3268,2.3377
29.3006,-0.0893682
30.1937,0.111552
28.1075,0.0383242
23.2357,-0.300083
30.8565,-0.0354303
34.4931,2.70664
37.6637,5.59005
20.8463,-0.236004
34.7859,2.59015
45.0205,13.0466
33.2332,1.46296
31.1607,-0.0707649
31.9297,0.247626
22.7477,-0.077718
27.3386,-0.105118
39.8854,7.89992
30.5145,0.0473952
27.5105,0.108928
31.1677,-0.347779
29.2666,-0.0882995
25.1291,0.0104943
36.8573,4.94509
35.0147,2.96905
25.4465,-0.0034256
21.2777,-0.17723
23.5314,0.00320687
27.317,0.0401028
27.1514,-0.110977
29.3308,0.184209
45.2426,13.2232
34.931,2.90152
28.0339,0.0875996
21.2148,0.0268736
25.9876,-0.0700952
31.5254,-0.261357
29.7001,-0.034034
32.8218,0.765068
26.1438,0.0235625
26.5688,-0.101636
23.8253,0.0752386
45.2172,13.0579
30.2902,0.0592436
25.2216,0.139106
37.8885,5.99686
32.0346,-0.111765
37.4664,5.5775
23.8407,0.150249
41.4819,9.2677
34.6535,2.575
30.3484,-0.091269
31.2895,0.193509
22.0178,-0.0421182
27.319,0.0868262
30.5389,-0.459176
33.7569,1.55565
19.8687,0.085156
33.3594,1.15072
22.2868,-0.0339021
39.2667,7.1214
31.7419,0.0248343
30.9726,0.169716
41.7865,9.83396
39.3807,7.37633
27.3838,-0.127389
36.4517,4.73351
26.6642,-0.0945504
19.4619,0.0672199
33.0743,0.774389
29.0661,0.0869257
30.5183,-0.0372998
35.101,3.18738
26.3717,0.0127604
30.1427,-0.109882
22.0067,-0.0491525
38.0656,6.07538
40.1215,7.97418
26.8115,-0.169404
39.9214,7.75818
37.4134,5.35671
38.9729,7.00774
29.6758,-0.401212
27.6384,-0.0291304
33.3041,1.34045
30.5047,-0.0629539
43.9284,11.7028
30.0148,-0.18651
34.0305,1.54187
24.9319,0.00876449
23.1131,-0.0557754
34.3574,2.30674
25.1619,-0.0149881
31.8201,0.107898
35.1976,3.24442
38.0642,6.11831
32.0928,0.00889161
32.28,0.336707
30.1024,0.234024
37.021,5.05257
30.263,-0.0235617
30.606,0.262652
25.7326,-0.0577543
28.9895,-0.426174
33.7493,1.73758
36.3119,4.27099
27.6723,-0.0386236
25.1058,0.0968679
32.843,0.738638
29.0049,-0.0643907
20.2852,-0.0983085
32.7334,0.922784
27.3267,-0.00962651
29.9956,-0.0545082
24.091,-0.0859839
34.7844,2.80479
32.3415,0.482004
37.8098,5.84959
34.7377,2.91186
28.2838,0.11198
25.0566,-0.0635331
24.2361,-0.0806747
39.7074,7.93159
21.1989,-0.000128917
27.104,-0.00269329
42.0275,10.1738
43.3804,11.3353
23.5309,0.0552124
28.0997,0.267989
34.3795,2.23877
23.7979,0.0764683
24.3303,0.00638945
25.393,-0.0333361
33.0525,1.07739
29.2611,-0.0494875
30.6283,0.234154
27.8103,-0.0989892
23.4701,0.19197
29.0414,0.0199276
27.5545,0.0635247
20.3826,-0.0594503
45.7235,13.6577
35.4047,3.81709
34.8693,2.72968
25.3941,-0.161884
37.8095,6.01848
25.5748,-0.115071
34.7707,2.92712
43.3096,11.2898
33.2436,0.927306
22.2283,0.0259521
45.7616,13.9107
26.2305,-0.11674
20.9492,-0.12581
34.9766,3.02243
22.7627,0.0559576
36.5923,4.7535
32.3542,0.0673565
44.8311,12.87
31.3229,0.468582
30.174,-0.0864473
37.8212,5.76655
34.2428,2.19453
21.2958,0.107284
28.7043,0.441115
39.4574,7.31928
31.2209,-0.304475
24.262,0.0355175
33.0759,1.13419
25.1258,0.0968014
20.865,-0.0916613
34.0722,1.70521
39.8413,7.93726
23.2369,-0.175471
24.9544,-0.106656
23.1518,0.0659223
22.7923,-0.0786212
28.2752,-0.0149036
30.2955,-0.0127016
16.5417,-0.0164967
39.6692,7.71412
33.0295,1.31389
43.2096,11.2339
39.261,7.11084
31.9986,-0.137226
23.5488,0.0748167
25.0205,-0.0309901
36.3779,3.61843
25.1768,-0.24249
45.2109,13.2573
37.1539,5.18032
36.7429,4.80002
39.6833,7.55734
33.4021,1.46964
40.1162,8.06178
31.2788,0.106554
32.6285,0.614528
31.7238,-0.252767
31.3502,0.164023
42.9119,10.8725
38.3253,6.44525
32.509,0.724509
23.5775,0.0331709
23.4538,0.0479236
37.2583,5.35606
41.5638,9.70852
28.5066,0.217061
23.9993,-0.00922555
32.2116,0.375256
32.4806,-0.0435586
39.0989,7.09718
30.238,0.0703091
26.0089,-0.0134924
27.58,0.172246
24.8788,-0.0249386
39.7801,7.83684
26.7703,0.219501
23.4076,-0.117219
26.9059,-0.103175
44.422,12.559
31.9302,0.548237
44.592,12.6337
17.5303,-0.0450771
24.006,0.22646
42.2783,10.2795
36.2329,4.24553
27.716,-0.0888828
25.9031,0.159411
28.6693,0.133986
36.6354,4.65424
21.8597,0.0993798
26.1998,0.190684
21.2589,-0.0806463
31.4066,0.166955
26.4869,-0.244938
31.3351,-0.328609
26.9929,-0.120684
21.8071,-0.0221893
34.966,3.16981
25.5193,0.0259503
29.3596,0.0495303
34.4443,2.30244
28.6348,-0.0541298
35.7032,3.57364
34.3152,2.35418
23.8114,-0.0725475
27.7498,0.0171349
24.4607,-0.00742658
18.9256,-0.157741
35.159,3.33854
28.6579,-0.0298681
44.0096,11.8439
31.2662,-0.0397311
29.9396,-0.0143143
25.1678,-0.0546271
32.7704,1.04177
33.007,0.936932
35.7792,3.58281
27.8581,-0.0953046
33.5128,1.8482
40.828,8.70837
34.0813,2.05284
34.9042,2.76957
39.9944,7.95784
31.5583,-0.268233
25.0161,0.0568803
28.4118,-0.217261
35.9129,3.75872
24.4271,0.0407177
29.4541,0.0415371
35.4427,3.32276
25.019,0.0392154
25.7078,-0.0927021
20.0386,0.00145193
28.9873,-0.206461
29.1401,-0.0713795
45.3437,13.0645
20.0024,0.060394
27.6994,-0.03853
35.1438,2.90562
23.4828,0.0741498
25.0143,-0.0659282
33.0404,1.39347
23.9401,-0.00571812
32.1329,0.530056
44.4774,12.4968
29.2449,-0.210615
26.681,0.0301383
27.7671,-0.0909078
26.6095,-0.0180946
37.1255,5.22072
32.3753,0.477153
26.143,0.0966057
22.0561,-0.0773763
27.9025,0.042132
38.1407,6.17637
37.5871,5.45101
33.1444,1.29751
29.8487,0.146556
27.7966,-0.0673185
23.9601,0.0509113
38.0999,6.00865
22.2985,-0.0480705
32.6954,0.552077
31.1879,0.0212111
36.5124,4.42243
35.8865,4.02677
31.7022,0.17949
26.6521,0.0515253
30.7987,0.142236
34.9838,2.98875
25.9074,0.10973
23.724,0.051825
31.8132,0.188656
31.9973,-0.229439
34.4762,2.58511
28.889,-0.0517463
35.849,3.89643
33.6063,1.61727
34.741,2.8252
26.7235,-0.133592
30.6305,-0.0984502
20.4101,0.0660436
30.0008,0.177188
25.1697,0.100465
30.4498,0.351294
38.3303,6.54678
28.9018,-0.0668601
26.4399,0.104367
17.6811,0.00839499
24.7728,0.089229
38.8726,6.86399
24.7464,-0.104873
30.1235,-0.482826
32.3581,0.254155
30.6861,0.151226
38.352,5.9877
28.3991,-0.0196744
34.1614,2.18353
29.4431,-0.250396
32.4376,0.00922977
21.7026,-0.0953936
23.8446,-0.0303467
29.0706,-0.0327948
44.5525,12.7332
35.3349,2.79677
28.202,-0.00644175
33.7251,1.83397
30.6476,0.127611
27.7004,0.143105
24.6613,0.0772489
18.2131,-0.0306761
33.2982,1.58015
27.2648,0.0891712
26.3755,0.176222
35.5734,3.56973
33.3463,1.48583
38.2554,6.23896
30.9923,0.216044
44.1299,12.0899
30.7491,-0.648733
22.0919,0.0378283
29.8253,-0.0215268
36.3477,4.57458
27.4309,0.0300651
39.2045,7.34197
47.1294,14.9093
21.0998,-0.00259296
33.8579,1.77655
26.6558,-0.0796827
22.5461,-0.025321
30.4735,0.0878522
24.6419,0.143102
25.9766,-0.0903034
24.3906,0.030865
37.9452,6.02358
28.1153,0.153761
26.6471,0.0162783
33.9446,1.90721
33.3095,1.49906
24.6486,-0.000505776
26.9569,-0.206005
33.7103,1.32718
45.3456,13.2924
38.6734,6.67941
45.2753,13.5067
34.4303,2.65961
23.8857,-0.00195188
29.2673,-0.189416
29.5934,0.104025
35.3099,3.226
47.0347,15.0604
24.8222,0.0940103
30.2362,-0.0714679
28.2686,0.0140862
28.2064,-0.071917
24.8379,0.0757082
31.2425,-0.347246
27.4917,0.163707
27.6308,-0.0295219
36.1965,4.09049
32.8781,1.10096
20.6174,0.0381483
21.8831,-0.0111273
19.2466,-0.0197497
36.21,4.39446
26.4088,-0.139587
24.0645,0.168764
38.8803,6.79457
36.4736,4.57087
27.0996,-0.0350109
18.9263,-0.0256835
33.8672,2.17355
36.1977,4.49805
33.8781,1.95258
31.3031,-0.144253
21.188,-0.134888
32.0938,0.247635
31.9827,0.438679
50.7162,18.5655
40.0687,7.75952
32.466,0.684982
34.5157,2.46255
38.755,6.77485
48.1677,16.3181
32.0172,0.201151
43.0437,11.1179
26.3115,0.0389523
29.2941,-0.0602659
32.41,-0.390872
44.9329,12.9004
31.7063,0.35377
39.815,7.67154
24.8086,0.129464
32.6338,1.23582
34.3275,2.38561
22.2601,0.144877
30.8597,-0.0699425
33.4051,1.55137
28.5565,-0.242535
23.9171,0.026111
27.3246,-0.171015
32.4106,0.638707
26.5902,-0.0494038
21.0628,0.00360716
21.8031,0.105316
32.927,1.00929
28.6987,-0.00598071
24.7454,-0.0127286
27.5037,0.00799256
28.1396,-0.143504
23.311,0.100861
32.8928,0.757344
37.216,5.26872
28.7047,-0.104421
30.256,0.219291
42.741,10.6503
28.7536,0.0771068
36.4293,4.46403
31.4989,-0.343318
24.0586,0.128981
35.5984,3.40356
26.9864,-0.0207307
22.0289,-0.0529938
34.1728,2.10524
30.8598,-0.118136
33.0103,1.05246
31.4967,0.109795
26.5392,-0.0869984
29.5386,0.0354705
35.3016,3.05988
36.8901,4.99236
31.0248,0.162011
27.1417,0.208031
22.8324,-0.00229093
34.8883,2.87395
24.8632,0.0137246
27.9552,-0.0128433
39.4237,7.27464
27.6946,0.0710677
31.737,0.465369
24.2551,-0.129205
27.9305,0.0817609
32.7922,0.61798
34.1804,2.01689
32.209,0.0946024
37.7488,5.93517
25.4426,-0.0668024
37.3731,5.39775
24.7768,0.107387
28.1499,-0.128495
27.6119,0.0414166
32.4807,0.58206
41.2163,9.0405
35.5873,3.14763
26.8255,-0.237487
24.4756,-0.0615378
29.4222,0.0681981
41.511,9.45344
29.4133,-0.254358
36.3261,4.42568
29.1995,0.0866659
29.5213,0.0341958
30.1556,-0.00183521
23.8718,-0.12897
32.2551,0.379144
49.1537,17.2076
36.7221,4.70955
26.5983,0.0995976
33.0238,1.21582
26.5118,0.0488098
35.8437,3.74131
24.8571,-0.0449337
27.3115,-0.0443433
37.48,5.53731
27.4137,-0.148895
26.8009,0.147015
24.0116,0.0948331
37.6882,5.68111
20.8493,-0.0521047
35.9883,3.98753
36.4503,4.34616
36.3772,4.48732
36.3407,4.50699
30.6161,-0.234231
33.637,1.49163
33.2673,1.33746
32.5506,0.778323
46.8044,14.5888
32.8847,1.00655
32.6244,0.458988
33.2373,0.929213
25.1933,0.160325
36.3737,4.37188
23.8114,-0.031804
29.7159,0.0911714
30.5903,0.0286868
28.7883,0.0879689
31.4444,-0.111341
35.7419,3.78676
21.2101,0.00717519
51.0957,19.1335
42.7738,10.8226
18.3955,-0.0498558
27.0458,-0.109584
27.3429,-0.156394
36.2014,4.1351
28.6951,-0.0401757
24.6321,-0.0873464
43.9808,11.8873
36.8772,4.80038
47.9232,15.8631
34.3649,2.50701
42.7934,10.7559
35.0239,3.28034
23.2569,-0.10855
41.1391,9.21932
32.498,0.308681
29.5671,0.0295492
32.0999,0.201178
36.4925,4.56961
26.9622,0.0160427
39.0336,7.04409
21.844,-0.109791
55.9265,24.0878
24.1176,-0.140501
30.5095,-0.0248843
31.2032,-0.186503
28.0438,-0.0791479
30.1915,-0.0204482
20.4139,-0.121062
37.5568,5.46352
34.7926,2.33973
37.5018,5.7239
27.6054,-0.11652
28.4847,0.0904637
36.0536,4.22679
22.9698,0.0856525
32.4391,0.82259
38.7315,6.67387
33.9173,2.06923
20.3622,-0.0703642
32.333,0.566921
28.2956,0.0102757
44.8964,12.8507
37.2346,5.2796
39.9769,8.14902
32.4859,0.453987
26.0498,-0.121783
42.0039,9.84606
31.2113,0.151273
32.3829,0.856371
23.3127,-0.122932
32.4737,0.745608
31.1587,0.317371
36.0707,4.17483
38.3753,6.34493
18.6332,0.0667191
19.8009,0.00516532
21.3407,-0.0419005
21.7684,0.00216145
21.691,-0.0651455
30.5842,0.0292161
30.4276,0.0166824
34.0479,2.05608
29.3142,-0.122566
23.9247,-0.175012
21.375,-0.0695295
39.6859,7.88828
32.058,0.39646
39.9461,7.66354
28.0308,0.176438
24.387,-0.228309
22.2927,-0.0913049
40.5371,8.56791
34.5491,2.42967
31.9229,0.173401
29.364,0.0113514
27.8298,0.0103559
46.4037,14.3348
31.7519,0.146679
35.8284,3.90782
28.091,0.181212
31.4009,0.252608
32.2765,-0.175215
33.369,1.35142
30.1976,0.032158
27.5683,-0.209287
30.4885,0.35648
30.3697,-0.138463
33.571,1.90146
31.5903,0.0247908
20.0221,-0.0788591
31.9545,0.555413
33.0173,1.23292
20.474,-0.131334
28.7215,0.025029
29.4235,0.0488712
26.8098,0.0981835
21.8759,-0.0841336
27.9351,-0.0505032
26.669,-0.0010965
40.9992,9.03649
32.1227,0.436405
25.2666,-0.00987399
27.5697,0.0624671
23.2262,-0.0197937
22.1446,0.0890978
33.5278,1.76969
30.6417,-0.330763
37.2059,5.27091
36.5099,4.73523
45.8393,13.6847
36.8049,5.06504
21.9263,0.0620897
27.6554,0.0767929
26.3745,-0.0614864
43.2683,11.2937
32.6563,0.931124
53.2416,21.3184
47.4647,15.6728
43.7182,11.9612
29.2809,-0.0134106
27.8683,0.0799474
39.6486,7.77186
27.2918,-0.0585685
20.949,0.0212278
25.614,-0.10836
34.0859,2.04466
25.8382,0.0236196
35.5365,3.63417
26.1905,0.0618888
32.0861,0.0196014
43.5817,11.561
34.4996,2.591
35.2582,3.37266
28.7766,0.0216265
31.5125,-0.00853645
31.8639,-0.223766
30.1009,0.155904
37.2621,5.15618
29.8647,0.216994
35.822,3.54782
39.8665,7.76682
40.2896,8.09579
29.0272,0.0623955
32.7482,0.767106
20.3134,0.0869824
24.39,-0.0592104
51.1386,19.1176
33.2223,1.29247
48.7316,16.6779
34.5492,2.37923
33.6565,1.84438
31.3445,0.0966542
30.5706,0.0250424
35.0887,2.96095
27.6255,0.320004
33.737,1.77084
26.7378,0.146455
18.4193,0.053246
28.2221,-0.221728
31.2715,0.00692647
32.6357,0.683645
37.8215,5.81699
30.8797,0.0183791
22.8543,0.00557103
20.2361,0.0926827
28.2597,0.0728862
31.0358,0.0554894
32.6273,0.313442
24.7994,-0.108195
32.4356,0.718924
25.2452,-0.0602083
37.5625,5.82513
27.9241,0.027249
40.7457,8.784
24.3013,-0.00578313
23.8632,-0.036016
40.0006,8.02574
28.8212,0.100383
32.7853,0.939163
29.9452,0.241544
31.831,0.272189
48.2698,16.2582
27.82,0.0263527
20.1302,0.044111
28.0536,-0.030664
31.2417,0.502968
24.1192,0.0287724
34.6141,2.81141
45.403,13.4184
27.539,0.132629
30.854,0.0987901
31.3855,0.132429
26.5467,-0.126287
30.0541,0.0056916
33.0905,1.17783
27.4808,0.0151316
27.1783,0.0172188
36.2411,4.21449
32.7665,0.631809
26.9623,0.293398
68.5155,36.4927
31.3608,0.113152
20.8462,-0.0741581
36.0446,4.3176
28.5017,0.359131
28.6265,-0.157007
29.0814,0.0871728
22.3628,0.0678775
22.8892,-0.0645545
16.0383,0.0170707
27.7071,-0.0829799
35.2408,3.15084
35.4581,3.06167
28.6877,-0.163664
28.8138,0.298804
34.989,3.07149
39.489,7.47769
39.2608,7.38514
33.0439,1.23626
25.7794,-0.060387
41.4532,9.34808
35.8456,3.74423
39.3891,7.36793
29.2193,0.0631539
31.0511,0.0807927
29.079,-0.0659002
28.7456,-0.0260189
26.2152,-0.152002
23.9322,-0.22698
27.6664,0.00874436
33.3246,1.07988
34.9746,2.79676
37.898,5.8806
32.8555,0.0848022
37.8016,5.87758
26.9107,0.117259
37.9006,5.92474
34.207,2.19237
31.2075,0.020076
54.1397,21.9979
40.6466,8.75945
43.4963,11.4929
22.6189,-0.317477
43.9713,11.9301
26.1577,0.0484991
38.3729,6.3682
24.2661,0.0149429
27.7451,-0.0282727
32.0798,0.378284
31.5228,0.135987
27.1375,-0.11974
29.0734,-0.118344
44.0454,12.2266
49.6205,17.5125
30.9564,0.28703
25.1945,-0.0616955
21.1747,-0.14065
28.5599,-0.0325117
24.8649,-0.0252546
35.1514,2.90652
21.3354,0.110785
29.7108,-0.206802
24.2979,0.0370599
25.1337,0.120163
16.9438,0.000564793
35.1916,3.11697
21.5836,0.119888
39.1133,7.11247
23.2324,0.1621
30.3918,-0.0656453
25.9261,-0.0713447
34.5484,2.60028
32.2111,0.416576
29.5832,0.0551682
31.583,-0.203634
31.3676,0.257601
29.8439,0.122593
23.0666,-0.242357
35.1483,3.04008
30.6247,0.264852
25.3574,-0.0324067
36.3046,4.23518
27.1875,-0.344883
26.8063,-0.0703094
38.7957,6.74769
25.9928,0.00922147
30.3524,-0.0875695
24.9817,0.046367
37.1968,5.18339
30.932,0.286839
30.7374,-0.0398089
45.4373,13.5091
26.3375,-0.0796652
39.6294,7.56037
40.763,8.82168
29.3013,0.145176
31.3149,-0.172674
29.2183,0.233599
33.2013,1.04622
41.2955,9.34233
24.4073,0.00327184
34.1077,1.9758
28.8173,0.134814
43.9148,11.8408
40.5781,8.35022
25.1424,-0.0647295
38.6689,6.6251
28.3997,-0.0178126
33.6084,1.48397
30.9416,-0.205338
33.1843,1.19042
24.7507,-0.00490519
25.1482,-0.320938
28.614,0.156614
32.3215,0.708097
25.7537,-0.221006
23.1309,0.106325
33.0303,1.09327
28.3942,0.00142893
25.555,-0.0725047
35.7966,3.88254
29.0489,0.0423283
28.0244,0.0128773
28.9009,0.344987
34.0628,2.15025
29.0924,0.146034
33.3032,1.06243
22.8967,0.102306
31.6883,0.310758
28.7805,-0.241066
29.3909,0.0499657
39.7552,7.72913
25.3967,0.112723
27.4254,-0.183849
38.424,6.1389
34.2026,1.95221
26.0417,-0.288025
28.2072,0.108411
39.6198,7.5781
37.2262,5.18354
34.4094,2.31067
36.9402,4.65878
25.0611,-0.0170573
31.9133,-0.145433
29.4308,0.22369
26.0488,-0.00827208
35.9509,4.3284
35.3852,3.43587
35.6644,3.68919
46.9228,14.8869
24.7156,-0.108034
36.8449,4.5653
28.1816,0.162009
27.5935,-0.0848758
38.7913,6.79088
31.7215,0.0198358
32.8295,0.597118
34.3894,2.48239
30.5713,-0.238131
30.5084,0.356993
23.264,-0.0966344
25.7541,-0.182834
25.0295,-0.0437597
